{
  "planet_info": {
    "name": "Test Tundra",
    "type": "Tundra",
    "base_color": "#F0F8FF",
    "radius": 200,
    "diameter": 12742,
    "orbital_radius": 149597870.7,
    "density": 5.514,
    "gravity": 9.807,
    "axial_tilt": 23.44,
    "rotation_period": 86400,
    "orbital_period": 31557600.0
  },
  "debug": {
    "visual_debug": true,
    "cosmic_origin_time": 514080000,
    "initial_angle_rotation": 0
  },
  "seeds": {
    "shape_seed": 179011169129830250690612067548411077406,
    "config_seed": "12345",
    "planet_seed": 228949022811399201090049520162851964295
  },
  "timing": {
    "current_rotation_angle": 2.7142061716360786,
    "orbital_angle": 2.127629829655085,
    "initial_orbital_angle": 0,
    "tilt_factor": 0.39778850739794974,
    "cosmic_origin_time": 514080000,
    "time_elapsed_seconds": 1241432523.014007
  },
  "surface_elements": {
    "type": "tundra",
    "green_patches": [
      {
        "position": [
          -0.9600425408070162,
          0.19686463114754915
        ],
        "position_3d": [
          -0.7699078805535331,
          0.11246426225360229,
          -0.6281668927739821
        ],
        "size": 0.07172365811298609,
        "color": [
          0.3333333333333333,
          0.4196078431372549,
          0.1843137254901961,
          0.8
        ],
        "sides": 24
      },
      {
        "position": [
          0.5669558752049827,
          -0.4333189930712675
        ],
        "position_3d": [
          0.9104412591442549,
          -0.33155647395960136,
          0.2473196680882858
        ],
        "size": 0.09674694083761992,
        "color": [
          0.396078431372549,
          0.2627450980392157,
          0.12941176470588237,
          0.8
        ],
        "sides": 22
      },
      {
        "position": [
          0.534844418526682,
          0.02469261811457315
        ],
        "position_3d": [
          -0.6950606401414695,
          0.6310680750898209,
          0.3444470803019801
        ],
        "size": 0.1126754141020625,
        "color": [
          0.5450980392156862,
          0.4588235294117647,
          0.3215686274509804,
          0.8
        ],
        "sides": 25
      },
      {
        "position": [
          0.11343559680900597,
          -0.4025012248133553
        ],
        "position_3d": [
          0.27627037397350834,
          -0.38975050169906916,
          0.87850397090159
        ],
        "size": 0.04716057092084814,
        "color": [
          0.5450980392156862,
          0.5372549019607843,
          0.5372549019607843,
          0.8
        ],
        "sides": 24
      },
      {
        "position": [
          -0.48106482129631556,
          -0.01997586713626859
        ],
        "position_3d": [
          0.6615794482688143,
          -0.5835421906990814,
          0.47094707271884395
        ],
        "size": 0.05295033178847773,
        "color": [
          0.5450980392156862,
          0.4588235294117647,
          0.3215686274509804,
          0.8
        ],
        "sides": 24
      },
      {
        "position": [
          0.05546924889577326,
          0.728899814391657
        ],
        "position_3d": [
          -0.381572804306648,
          -0.16835096860281926,
          -0.9088785102443853
        ],
        "size": 0.09266232978350317,
        "color": [
          0.396078431372549,
          0.2627450980392157,
          0.12941176470588237,
          0.8
        ],
        "sides": 25
      },
      {
        "position": [
          0.380131379304907,
          0.6530179855868329
        ],
        "position_3d": [
          -0.6914148820472292,
          -0.3340494789817265,
          0.6405906699879831
        ],
        "size": 0.08472285388505822,
        "color": [
          0.4392156862745098,
          0.5019607843137255,
          0.4117647058823529,
          0.8
        ],
        "sides": 14
      },
      {
        "position": [
          0.7500914580661362,
          -0.09838415137905386
        ],
        "position_3d": [
          0.9202090262165201,
          0.13454733703089186,
          -0.3675763351571201
        ],
        "size": 0.09694237991951576,
        "color": [
          0.3333333333333333,
          0.4196078431372549,
          0.1843137254901961,
          0.8
        ],
        "sides": 17
      },
      {
        "position": [
          -0.41828903790669664,
          0.13616570487875038
        ],
        "position_3d": [
          -0.9607365534710789,
          -0.21174877947374263,
          -0.17929787844783032
        ],
        "size": 0.10429649544206743,
        "color": [
          0.5450980392156862,
          0.4588235294117647,
          0.3215686274509804,
          0.8
        ],
        "sides": 23
      }
    ],
    "ice_caps": [
      {
        "position": [
          0.28098270338150316,
          0.4107660740223585
        ],
        "radius": 0.23672309200447883,
        "color": [
          0.88,
          0.92,
          0.95,
          0.5
        ],
        "seed": "Test Tundra_snow_0"
      },
      {
        "position": [
          -0.34032613875775697,
          0.32314541310846834
        ],
        "radius": 0.11259051107496901,
        "color": [
          0.95,
          0.95,
          0.98,
          0.7
        ],
        "seed": "Test Tundra_snow_1"
      },
      {
        "position": [
          -0.30411849438203065,
          0.3697457156845621
        ],
        "radius": 0.2118436574315315,
        "color": [
          0.95,
          0.95,
          0.98,
          0.7
        ],
        "seed": "Test Tundra_snow_2"
      },
      {
        "position": [
          -0.17489536364370026,
          0.7141978711792212
        ],
        "radius": 0.22487044039702803,
        "color": [
          0.88,
          0.92,
          0.95,
          0.5
        ],
        "seed": "Test Tundra_snow_3"
      },
      {
        "position": [
          0.04920755334970295,
          0.7971732415411035
        ],
        "radius": 0.15807295591969886,
        "color": [
          0.9,
          0.94,
          0.98,
          0.6
        ],
        "seed": "Test Tundra_snow_4"
      }
    ],
    "crystals": [
      {
        "position": [
          0.28286806081350163,
          -0.486465786612669
        ],
        "length": 0.025,
        "width": 0.06,
        "angle": 0.6884878437863855,
        "color": [
          0.85,
          0.9,
          0.95,
          0.8
        ]
      },
      {
        "position": [
          -0.011885348952047537,
          0.3461249300264757
        ],
        "length": 0.015,
        "width": 0.055,
        "angle": 3.621407973141102,
        "color": [
          0.85,
          0.9,
          0.95,
          0.8
        ]
      },
      {
        "position": [
          0.3750450346951703,
          0.2627202371052334
        ],
        "length": 0.015,
        "width": 0.035,
        "angle": 4.9270308568842855,
        "color": [
          0.85,
          0.9,
          0.95,
          0.8
        ]
      },
      {
        "position": [
          -0.3746653559581943,
          -0.21676435532147678
        ],
        "length": 0.025,
        "width": 0.04,
        "angle": 1.5706074724477495,
        "color": [
          0.85,
          0.9,
          0.95,
          0.8
        ]
      },
      {
        "position": [
          -0.27314065208318183,
          -0.559919400773413
        ],
        "length": 0.03,
        "width": 0.055,
        "angle": 1.9336252771704519,
        "color": [
          0.85,
          0.9,
          0.95,
          0.8
        ]
      },
      {
        "position": [
          0.4190785442185884,
          -0.43148902695324665
        ],
        "length": 0.015,
        "width": 0.05,
        "angle": 3.1209862251389677,
        "color": [
          0.85,
          0.9,
          0.95,
          0.8
        ]
      }
    ],